date,snapshot,projects,live,followers_same_as_previous,daily_pledged_zero,daily_pledged_nonzero,live_weekly_zero,field_provenance_rows,watches_fetched,minimum_pledge_fetched,catalog_refresh,catalog_raw_objects,restored_followers,emails_sent,browser_csrf_failures,nodriver_start_failures,evidence
2026-07-09,2026-07-09T02-02-31Z.json,506,226,0,427,67,122,0,,,,,,,0,0,snapshot_only_not_proof_of_fetch_failure
2026-07-10,2026-07-10T02-01-15Z.json,517,231,344,432,74,128,0,,,,,,,0,0,snapshot_only_not_proof_of_fetch_failure
2026-07-11,2026-07-11T01-51-52Z.json,522,237,351,440,77,130,0,,,,,,,0,0,snapshot_only_not_proof_of_fetch_failure
2026-07-12,2026-07-12T01-51-52Z.json,523,237,342,449,73,129,0,,,,,,,0,0,snapshot_only_not_proof_of_fetch_failure
2026-07-13,2026-07-13T01-58-01Z.json,525,237,518,455,68,134,0,,,,,,,0,0,snapshot_only_not_proof_of_fetch_failure
2026-07-14,2026-07-14T01-38-59Z.json,534,241,355,455,70,139,0,,,,,,,0,0,snapshot_only_not_proof_of_fetch_failure
2026-07-15,2026-07-15T01-36-15Z.json,538,251,534,458,76,150,0,,,,,,,0,0,snapshot_only_not_proof_of_fetch_failure
2026-07-16,2026-07-16T01-51-40Z.json,546,254,357,465,73,150,0,,,,,,,0,0,snapshot_only_not_proof_of_fetch_failure
2026-07-18,2026-07-18T01-36-24Z.json,560,260,546,466,80,153,0,,,,,,,0,0,snapshot_only_not_proof_of_fetch_failure
2026-07-19,2026-07-19T01-53-44Z.json,562,260,383,491,69,162,0,,,,,,,0,0,snapshot_only_not_proof_of_fetch_failure
2026-07-20,2026-07-20T02-06-44Z.json,562,260,399,495,67,165,0,,,,,,,0,0,snapshot_only_not_proof_of_fetch_failure
2026-07-21,2026-07-21T01-51-58Z.json,566,262,415,498,64,169,0,,,,,,,0,0,snapshot_only_not_proof_of_fetch_failure
2026-07-22,2026-07-22T01-55-33Z.json,578,273,415,494,72,173,0,,,,,,,0,0,snapshot_only_not_proof_of_fetch_failure
2026-07-24,2026-07-24T01-55-47Z.json,589,295,421,508,70,187,0,,,,,,,0,0,snapshot_only_not_proof_of_fetch_failure
2026-07-25,2026-07-25T01-54-59Z.json,594,296,589,500,89,185,0,,,,,,,0,0,snapshot_only_not_proof_of_fetch_failure
2026-07-26,2026-07-26T01-58-43Z.json,594,296,381,511,83,185,0,,,,,,,0,0,snapshot_only_not_proof_of_fetch_failure
2026-07-28,2026-07-28T01-40-56Z.json,600,298,594,500,94,189,0,,,,,,,0,0,snapshot_only_not_proof_of_fetch_failure
2026-07-29,2026-07-29T01-59-07Z.json,608,303,600,515,85,197,0,,,,,,,0,0,snapshot_only_not_proof_of_fetch_failure
2026-07-30,2026-07-30T01-33-09Z.json,617,307,409,525,83,198,0,,,,,,,0,0,snapshot_only_not_proof_of_fetch_failure
2026-07-31,2026-07-31T02-01-52Z.json,623,310,617,537,80,197,0,,,,,,,0,0,snapshot_only_not_proof_of_fetch_failure
2026-08-01,2026-08-01T02-02-03Z.json,630,311,623,548,75,204,0,,,,,,,0,0,snapshot_only_not_proof_of_fetch_failure
2026-08-03,2026-08-03T02-00-14Z.json,634,310,630,551,79,212,0,,,,,,,0,0,snapshot_only_not_proof_of_fetch_failure
2026-08-04,2026-08-04T01-36-58Z.json,641,311,634,561,73,212,0,,,,,,,0,0,snapshot_only_not_proof_of_fetch_failure
2026-08-05,2026-08-05T01-50-21Z.json,645,320,641,567,74,215,0,,,,,,,0,0,snapshot_only_not_proof_of_fetch_failure
2026-08-06,2026-08-06T01-37-50Z.json,645,320,645,645,0,222,0,,,,,,,0,0,snapshot_only_not_proof_of_fetch_failure
2026-08-07,2026-08-07T02-22-27Z.json,658,332,440,569,76,223,0,,,,,,,0,0,snapshot_only_not_proof_of_fetch_failure
2026-08-08,2026-08-08T01-01-39Z.json,663,332,658,612,46,227,0,,,,,,,0,0,snapshot_only_not_proof_of_fetch_failure
2026-08-09,2026-08-09T01-04-29Z.json,664,332,663,620,43,227,0,,,,,,,0,0,snapshot_only_not_proof_of_fetch_failure
2026-08-10,2026-08-10T01-06-10Z.json,665,332,504,602,62,232,0,,,,,,,0,0,snapshot_only_not_proof_of_fetch_failure
2026-08-11,2026-08-11T01-06-47Z.json,670,333,665,600,65,233,0,,,,,,,0,0,snapshot_only_not_proof_of_fetch_failure
2026-08-12,2026-08-12T01-13-10Z.json,678,350,670,594,76,246,0,,,,,,,0,0,snapshot_only_not_proof_of_fetch_failure
2026-08-14,2026-08-14T01-10-29Z.json,678,350,678,678,0,256,0,,,,,,,0,0,snapshot_only_not_proof_of_fetch_failure
2026-08-15,2026-08-15T00-46-38Z.json,693,364,678,631,47,259,0,,,,,,,0,0,snapshot_only_not_proof_of_fetch_failure
2026-08-16,2026-08-16T00-48-04Z.json,697,365,502,623,70,260,0,,,,,,,0,0,snapshot_only_not_proof_of_fetch_failure
2026-08-17,2026-08-17T00-48-55Z.json,700,366,697,626,71,260,0,,,,,,,0,0,snapshot_only_not_proof_of_fetch_failure
2026-08-19,2026-08-19T00-47-59Z.json,714,378,555,630,70,277,0,,,,,,,0,0,snapshot_only_not_proof_of_fetch_failure
2026-08-20,2026-08-20T00-45-51Z.json,722,386,562,640,74,277,0,,,,,,,0,0,snapshot_only_not_proof_of_fetch_failure
2026-08-21,2026-08-21T00-50-29Z.json,732,398,716,640,82,277,0,,,,,,,0,0,snapshot_only_not_proof_of_fetch_failure
2026-08-22,2026-08-22T00-45-51Z.json,740,403,552,651,81,282,0,,,,,,,0,0,snapshot_only_not_proof_of_fetch_failure
2026-08-23,2026-08-23T00-49-01Z.json,744,404,568,666,74,288,0,,,,,,,0,0,snapshot_only_not_proof_of_fetch_failure
2026-08-24,2026-08-24T00-48-41Z.json,744,405,590,660,84,294,0,,,,,,,0,0,snapshot_only_not_proof_of_fetch_failure
2026-08-25,2026-08-25T00-47-14Z.json,751,408,596,670,74,294,0,,,,,,,0,0,snapshot_only_not_proof_of_fetch_failure
2026-08-26,2026-08-26T00-50-58Z.json,758,414,590,681,70,297,0,,,,,,,0,0,snapshot_only_not_proof_of_fetch_failure
2026-08-27,2026-08-27T05-51-39Z.json,758,414,758,758,0,305,0,,,,,,,0,0,snapshot_only_not_proof_of_fetch_failure
2026-08-28,2026-08-28T08-01-27Z.json,768,421,619,677,81,306,0,,,,,,,0,0,snapshot_only_not_proof_of_fetch_failure
2026-08-29,2026-08-29T04-56-24Z.json,780,431,761,681,87,309,0,,,,,,,0,0,snapshot_only_not_proof_of_fetch_failure
2026-08-30,2026-08-30T02-32-47Z.json,782,431,780,700,80,311,0,,,,,,,0,0,snapshot_only_not_proof_of_fetch_failure
2026-09-01,2026-09-01T02-44-54Z.json,789,436,578,690,92,328,0,260/260,161/260,34/782,32/782,,9,0,0,run_log_and_snapshot
2026-09-02,2026-09-02T02-08-47Z.json,794,444,681,737,52,333,0,191/191,126/191,41/789,39/789,,9,0,0,run_log_and_snapshot
2026-09-04,2026-09-04T02-07-06Z.json,810,464,602,696,98,332,0,261/261,170/261,46/794,44/794,,9,1,1,run_log_and_snapshot
2026-09-05,2026-09-05T02-06-21Z.json,816,468,655,728,82,338,0,260/260,171/260,10/810,10/810,,9,0,0,run_log_and_snapshot
2026-09-06,2026-09-06T02-00-56Z.json,818,468,659,736,80,350,0,256/256,167/256,0/816,,,9,1,1,run_log_and_snapshot
2026-09-07,2026-09-07T01-57-37Z.json,820,468,660,747,71,350,0,258/258,166/258,18/818,18/818,,9,0,0,run_log_and_snapshot
2026-09-08,2026-09-08T02-10-02Z.json,827,472,653,742,78,361,0,260/260,169/260,20/820,20/820,,9,1,1,run_log_and_snapshot
2026-09-09,2026-09-09T02-16-21Z.json,833,482,675,744,83,365,0,257/257,169/257,0/827,,,9,1,1,run_log_and_snapshot
2026-09-10,2026-09-10T02-11-23Z.json,842,488,658,752,81,375,0,261/261,167/261,35/833,33/833,,9,0,0,run_log_and_snapshot
2026-09-11,2026-09-11T02-14-33Z.json,852,498,799,757,85,373,0,100/264,0/264,44/842,42/842,155,9,0,0,run_log_and_snapshot
2026-09-12,2026-09-12T02-18-21Z.json,854,502,852,759,93,375,0,0/265,0/265,2/852,2/852,254,9,3,3,run_log_and_snapshot
2026-09-13,2026-09-13T02-07-43Z.json,858,503,660,766,88,383,0,262/262,169/262,4/854,4/854,,9,0,0,run_log_and_snapshot
2026-09-14,2026-09-14T02-26-30Z.json,860,504,685,779,79,384,0,260/260,166/260,8/858,8/858,,9,0,0,run_log_and_snapshot
2026-09-15,2026-09-15T02-32-58Z.json,868,507,696,774,86,389,0,259/259,163/259,10/860,10/860,,9,0,0,run_log_and_snapshot
2026-09-16,2026-09-16T02-28-31Z.json,874,517,781,826,42,391,0,103/103,54/103,18/868,18/868,,9,0,0,run_log_and_snapshot
2026-09-17,2026-09-17T02-32-30Z.json,878,532,874,780,94,397,0,0/249,0/249,0/874,,244,9,1,1,run_log_and_snapshot
2026-09-18,2026-09-18T02-18-54Z.json,888,535,878,794,84,402,0,0/249,0/249,0/878,,234,9,4,4,run_log_and_snapshot
2026-09-19,2026-09-19T02-22-53Z.json,892,537,888,810,78,410,0,0/246,0/246,0/888,,227,9,3,3,run_log_and_snapshot
2026-09-20,2026-09-20T02-33-51Z.json,893,536,788,837,55,416,0,114/114,0/114,0/892,,,9,2,2,run_log_and_snapshot
2026-09-21,2026-09-21T02-31-17Z.json,898,536,893,825,68,419,0,0/174,0/174,0/893,,160,9,4,4,run_log_and_snapshot
2026-09-22,2026-09-22T02-31-40Z.json,901,536,717,822,76,431,0,239/239,152/239,0/898,0/898,,9,1,1,run_log_and_snapshot
2026-09-23,2026-09-23T02-30-59Z.json,907,548,752,822,79,432,0,241/241,157/241,1/901,1/901,,9,0,0,run_log_and_snapshot
2026-09-24,2026-09-24T02-19-45Z.json,913,552,756,828,79,445,0,246/246,157/246,7/907,7/907,,9,0,0,run_log_and_snapshot
2026-09-25,2026-09-25T02-37-03Z.json,920,554,761,841,72,453,0,242/242,153/242,13/913,13/913,,9,1,1,run_log_and_snapshot
2026-09-26,2026-09-26T02-42-51Z.json,921,554,766,845,75,455,0,238/238,151/238,20/920,20/920,,9,1,1,run_log_and_snapshot
2026-09-27,2026-09-27T02-37-35Z.json,923,554,921,852,69,455,0,0/235,0/235,0/921,,233,9,1,1,run_log_and_snapshot
2026-09-29,2026-09-29T03-24-22Z.json,937,556,923,854,69,463,0,0/240,0/240,0/923,,224,9,1,1,run_log_and_snapshot
2026-09-30,2026-09-30T03-11-49Z.json,943,565,937,919,18,466,0,0/117,0/117,0/937,,107,9,4,4,run_log_and_snapshot
2026-10-01,2026-10-01T03-12-56Z.json,957,578,740,863,80,470,0,247/247,158/247,45/943,43/943,,9,1,1,run_log_and_snapshot
2026-10-02,2026-10-02T03-14-53Z.json,959,583,957,880,77,473,0,0/248,0/248,0/957,,246,9,1,1,run_log_and_snapshot
2026-10-03,2026-10-03T03-03-12Z.json,963,583,959,885,74,476,0,0/242,0/242,0/959,,236,9,4,4,run_log_and_snapshot
2026-10-04,2026-10-04T03-32-50Z.json,967,584,957,889,74,481,0,0/249,153/249,13/963,13/963,239,9,2,2,run_log_and_snapshot
2026-10-05,2026-10-05T03-09-05Z.json,969,583,967,891,76,484,0,0/250,0/250,0/967,,238,9,1,1,run_log_and_snapshot
2026-10-06,2026-10-06T03-57-48Z.json,980,590,969,892,77,485,0,0/256,0/256,0/969,,233,9,1,1,run_log_and_snapshot
2026-10-07,2026-10-07T03-27-27Z.json,987,597,980,905,75,487,0,0/248,0/248,0/980,,218,9,4,4,run_log_and_snapshot
